{
  "id": "3397330",
  "name": "品优购",
  "font_family": "iconfont",
  "css_prefix_text": "icon-",
  "description": "",
  "glyphs": [
    {
      "icon_id": "201525",
      "name": "礼物 活动",
      "font_class": "liwuhuodong",
      "unicode": "e604",
      "unicode_decimal": 58884
    },
    {
      "icon_id": "21745656",
      "name": "购物车-加入",
      "font_class": "gouwuche-jiaru",
      "unicode": "e748",
      "unicode_decimal": 59208
    },
    {
      "icon_id": "1360",
      "name": "新浪微博",
      "font_class": "xinlangweibo",
      "unicode": "e602",
      "unicode_decimal": 58882
    },
    {
      "icon_id": "77156",
      "name": "微信",
      "font_class": "weixin",
      "unicode": "e603",
      "unicode_decimal": 58883
    },
    {
      "icon_id": "831907",
      "name": "qq",
      "font_class": "qq",
      "unicode": "e62b",
      "unicode_decimal": 58923
    },
    {
      "icon_id": "1284626",
      "name": "支付宝支付",
      "font_class": "zhifubaozhifu",
      "unicode": "e64f",
      "unicode_decimal": 58959
    },
    {
      "icon_id": "1308390",
      "name": "203用户_用户4",
      "font_class": "203yonghu_yonghu4",
      "unicode": "e63d",
      "unicode_decimal": 58941
    },
    {
      "icon_id": "7577416",
      "name": "24gl-lock",
      "font_class": "24gl-lock",
      "unicode": "e9d4",
      "unicode_decimal": 59860
    },
    {
      "icon_id": "201582",
      "name": "3.1关注1",
      "font_class": "31guanzhu1",
      "unicode": "e601",
      "unicode_decimal": 58881
    },
    {
      "icon_id": "5387988",
      "name": "分享_o",
      "font_class": "fenxiang_o",
      "unicode": "ebab",
      "unicode_decimal": 60331
    },
    {
      "icon_id": "7594407",
      "name": "24gl-square",
      "font_class": "24gl-square",
      "unicode": "ea98",
      "unicode_decimal": 60056
    },
    {
      "icon_id": "630095",
      "name": "向左箭头",
      "font_class": "xiangzuojiantou",
      "unicode": "e660",
      "unicode_decimal": 58976
    },
    {
      "icon_id": "316070",
      "name": "正确",
      "font_class": "icon",
      "unicode": "e618",
      "unicode_decimal": 58904
    },
    {
      "icon_id": "5135",
      "name": "数码手机",
      "font_class": "shumashouji",
      "unicode": "e600",
      "unicode_decimal": 58880
    },
    {
      "icon_id": "630085",
      "name": "向上箭头",
      "font_class": "xiangshangjiantou",
      "unicode": "e65d",
      "unicode_decimal": 58973
    },
    {
      "icon_id": "9826657",
      "name": "错误",
      "font_class": "cuowu",
      "unicode": "e613",
      "unicode_decimal": 58899
    },
    {
      "icon_id": "608170",
      "name": "引号",
      "font_class": "baojiaquotation",
      "unicode": "e63a",
      "unicode_decimal": 58938
    },
    {
      "icon_id": "608172",
      "name": "引号",
      "font_class": "baojiaquotation2",
      "unicode": "e63c",
      "unicode_decimal": 58940
    },
    {
      "icon_id": "5638796",
      "name": "更新",
      "font_class": "gengxin",
      "unicode": "e615",
      "unicode_decimal": 58901
    },
    {
      "icon_id": "9021524",
      "name": "右箭头",
      "font_class": "youjiantou",
      "unicode": "e633",
      "unicode_decimal": 58931
    },
    {
      "icon_id": "11195024",
      "name": "购物车",
      "font_class": "gouwuche",
      "unicode": "e65f",
      "unicode_decimal": 58975
    },
    {
      "icon_id": "630092",
      "name": "向下箭头",
      "font_class": "xiangxiajiantou",
      "unicode": "e65e",
      "unicode_decimal": 58974
    }
  ]
}
